{
    "m_Position": {
        "x": 4.708334922790527,
        "y": 0.5,
        "z": 6.984153747558594
    },
    "m_Position": {
        "x": -3.5691537857055666,
        "y": 0.0,
        "z": 14.736346244812012
    },
    "m_Position": {
        "x": 6.400962829589844,
        "y": 0.5,
        "z": 38.23613739013672
    }
}