{
    "serializeEnemys": {
        "_serializeEnemy": [
            {
                "_position": {
                    "x": -19.29157066345215,
                    "y": 0.5,
                    "z": 41.70866394042969
                },
                "_rotation": {
                    "x": 0.0,
                    "y": 0.0,
                    "z": 0.0
                },
                "_scale": {
                    "x": 1.0166666507720948,
                    "y": 1.0166666507720948,
                    "z": 1.0166666507720948
                },
                "_hp": 1,
                "_index": 5
            },
            {
                "_position": {
                    "x": 9.443017959594727,
                    "y": 0.0,
                    "z": 24.987579345703126
                },
                "_rotation": {
                    "x": 0.0,
                    "y": 0.0,
                    "z": 0.0
                },
                "_scale": {
                    "x": 1.0166666507720948,
                    "y": 1.0166666507720948,
                    "z": 1.0166666507720948
                },
                "_hp": 1,
                "_index": 6
            }
        ]
    }
}