{
    "enemys": [
        {
            "pos": {
                "x": -12.315961837768555,
                "y": 0.5,
                "z": -28.331588745117189
            },
            "rot": {
                "x": 0.0,
                "y": 0.0,
                "z": 0.0
            },
            "sca": {
                "x": 1.0166666507720948,
                "y": 1.0166666507720948,
                "z": 1.0166666507720948
            }
        },
        {
            "pos": {
                "x": -19.01604652404785,
                "y": 12.650006294250489,
                "z": 38.51728057861328
            },
            "rot": {
                "x": 0.0,
                "y": 0.0,
                "z": 0.0
            },
            "sca": {
                "x": 1.0166666507720948,
                "y": 1.0166666507720948,
                "z": 1.0166666507720948
            }
        }
    ]
}