{
    "m_Position.x": -3.902780532836914,
    "m_Position.y": 0.5,
    "m_Position.z": 10.68770694732666,
    "m_Position.x": -3.6063106060028078,
    "m_Position.y": 0.0,
    "m_Position.z": 14.826565742492676,
    "m_Position.x": 21.753738403320314,
    "m_Position.y": 0.0,
    "m_Position.z": 24.681150436401368
}