{
    "m_Position.x": 14.796544075012207,
    "m_Position.y": 0.5,
    "m_Position.z": 34.395111083984378
}